,split0_test_score,split1_test_score,split2_test_score,split3_test_score,split4_test_score,split5_test_score,split6_test_score,split7_test_score,split8_test_score,split9_test_score,split10_test_score,split11_test_score,split12_test_score,split13_test_score,split14_test_score,split15_test_score,split16_test_score,split17_test_score,split18_test_score,split19_test_score,split20_test_score,split21_test_score,split22_test_score,split23_test_score,split24_test_score,split25_test_score,split26_test_score,split27_test_score,split28_test_score,split29_test_score,split30_test_score,split31_test_score,split32_test_score,split33_test_score,split34_test_score,split35_test_score,split36_test_score,split37_test_score,split38_test_score,split39_test_score,split40_test_score,split41_test_score,split42_test_score,split43_test_score,split44_test_score,split45_test_score,split46_test_score,split47_test_score,split48_test_score,split49_test_score,mean_test_score,std_test_score,rank_test_score,mean_fit_time,std_fit_time,mean_score_time,std_score_time,param_subset__BASE_TYPE,param_subset__COM_CAT#1,param_subset__COM_CAT#17,param_subset__COM_CAT#19,param_subset__COM_CAT#20,param_subset__COM_CAT#21,param_subset__COM_CAT#22,param_subset__COM_CAT#25,param_subset__COM_CAT#27,param_subset__COM_CAT#28,param_subset__COM_CAT#29,param_subset__COM_CAT#30,param_subset__COM_CAT#31,param_subset__COM_CAT#32,param_subset__COM_CAT#33,param_subset__COM_CAT#7,param_subset__COST,param_subset__ITC,param_subset__RENT_CHANNEL,param_subset__REVENUE,param_subset__ROAM,param_subset__VAS,params
0,0.5535608182667007,0.5187734869329679,0.5717803496675695,0.5132918642870143,0.531663865186343,0.5161701044053985,0.5860411335824331,0.4983994090125584,0.56103123026027,0.5356251940515828,0.5881716322892794,0.5219960814963117,0.5626585869832874,0.5364174598246308,0.4967399334068499,0.5510567863509039,0.5276061796730297,0.5123711229832018,0.5251544382942732,0.5759236855347258,0.5361068669892199,0.5515240409836943,0.49811033906833824,0.5408712782244681,0.5709024335406786,0.5316187080892963,0.5416528377032858,0.5593824609487918,0.5168463539714998,0.515347472779247,0.5612320685850097,0.5052728499084611,0.5424022782994122,0.48753252036872485,0.5706668950676103,0.5780069603599015,0.5338051240324186,0.5346509212766185,0.5221352633213066,0.5164502210849758,0.49671080553433494,0.535089879340064,0.5335909981478111,0.5528302088798004,0.5403252572187188,0.5583885069179186,0.5244049976981466,0.5198227037675449,0.5402396068648758,0.5305504105863836,0.5366230591180482,0.024374612264160475,1,0.02288170337677002,0.004717439159467898,0.009813923835754395,0.0017881123592184457,True,False,False,True,False,True,True,False,True,False,False,True,True,False,True,False,False,False,True,False,True,True,"{'subset__BASE_TYPE': True, 'subset__COM_CAT#1': False, 'subset__COM_CAT#17': False, 'subset__COM_CAT#19': True, 'subset__COM_CAT#20': False, 'subset__COM_CAT#21': True, 'subset__COM_CAT#22': True, 'subset__COM_CAT#25': False, 'subset__COM_CAT#27': True, 'subset__COM_CAT#28': False, 'subset__COM_CAT#29': False, 'subset__COM_CAT#30': True, 'subset__COM_CAT#31': True, 'subset__COM_CAT#32': False, 'subset__COM_CAT#33': True, 'subset__COM_CAT#7': False, 'subset__COST': False, 'subset__ITC': False, 'subset__RENT_CHANNEL': True, 'subset__REVENUE': False, 'subset__ROAM': True, 'subset__VAS': True}"
1,0.5261544011544012,0.5343243793025919,0.5345170925987388,0.5124835390726208,0.5665556780831451,0.5419796706561412,0.5210003961328864,0.5516685759558044,0.5509673136837147,0.5040683918075437,0.5695717681011799,0.5564221705940923,0.5669892829994754,0.49926661884521906,0.4906855240195711,0.5254116798234445,0.5489009988972516,0.5294208965450788,0.5037204372450563,0.5380234039591876,0.551279602750191,0.5301328651113989,0.532627431667077,0.5246726550539061,0.5407320963994733,0.5313481453187335,0.5111238397053628,0.5490937121933985,0.47433701272978374,0.5594574050084044,0.5802404295051354,0.48495765660631884,0.5586330203526654,0.5334250505872403,0.5435424986349475,0.5384252185722773,0.5606993351391283,0.5472415232915431,0.5024249756431806,0.5368671241823069,0.4788006111535523,0.5057278674132523,0.5305771763219597,0.5534297613567016,0.5142500776206331,0.5327274849333673,0.5542059676884039,0.4918203912079912,0.5202991338607967,0.5105831718467286,0.5311193777211982,0.02457969567138959,1,0.02627009868621826,0.0069872929167588615,0.010552630424499512,0.003342632761492006,False,False,True,False,False,True,True,True,False,False,False,False,False,True,False,True,True,False,False,True,True,False,"{'subset__BASE_TYPE': False, 'subset__COM_CAT#1': False, 'subset__COM_CAT#17': True, 'subset__COM_CAT#19': False, 'subset__COM_CAT#20': False, 'subset__COM_CAT#21': True, 'subset__COM_CAT#22': True, 'subset__COM_CAT#25': True, 'subset__COM_CAT#27': False, 'subset__COM_CAT#28': False, 'subset__COM_CAT#29': False, 'subset__COM_CAT#30': False, 'subset__COM_CAT#31': False, 'subset__COM_CAT#32': True, 'subset__COM_CAT#33': False, 'subset__COM_CAT#7': True, 'subset__COST': True, 'subset__ITC': False, 'subset__RENT_CHANNEL': False, 'subset__REVENUE': True, 'subset__ROAM': True, 'subset__VAS': False}"
2,0.5416560563619387,0.5391903900302989,0.5530764536470991,0.4895881288609574,0.5618342023275483,0.5405738052796876,0.5579799364046123,0.5261072984807769,0.5554960761431647,0.5031851225335375,0.5745798319327731,0.5485905163645708,0.5627656499255913,0.5213858227251802,0.4951018703896021,0.5380273321449791,0.5732471119771313,0.5205079065982892,0.5216427737867092,0.5427877048917058,0.5500912486206604,0.5459995931608193,0.5416207188205947,0.5228418787405116,0.5546074537220432,0.5224832357185298,0.5248974872327441,0.5764268813635536,0.48475959016305686,0.5385694249649369,0.5962991257108904,0.49972698949712535,0.5490401807222466,0.5121891159812854,0.5506247122683425,0.549062049062049,0.5438369217262828,0.5627121184544394,0.516792822500348,0.5210003961328865,0.4865036923860453,0.5367172360630814,0.5408284530475467,0.5047268289027119,0.5245870047000631,0.5421759612936083,0.5382696487264863,0.505722514266137,0.5231844801558836,0.5216427737867092,0.5351095728777342,0.024120432497590237,1,0.03158730506896973,0.008284877154134498,0.011814002990722655,0.0033545641818260095,True,False,True,True,True,True,True,False,False,False,False,True,True,False,True,True,False,True,False,False,True,True,"{'subset__BASE_TYPE': True, 'subset__COM_CAT#1': False, 'subset__COM_CAT#17': True, 'subset__COM_CAT#19': True, 'subset__COM_CAT#20': True, 'subset__COM_CAT#21': True, 'subset__COM_CAT#22': True, 'subset__COM_CAT#25': False, 'subset__COM_CAT#27': False, 'subset__COM_CAT#28': False, 'subset__COM_CAT#29': False, 'subset__COM_CAT#30': True, 'subset__COM_CAT#31': True, 'subset__COM_CAT#32': False, 'subset__COM_CAT#33': True, 'subset__COM_CAT#7': True, 'subset__COST': False, 'subset__ITC': True, 'subset__RENT_CHANNEL': False, 'subset__REVENUE': False, 'subset__ROAM': True, 'subset__VAS': True}"
3,0.5613753076988371,0.5649604402428188,0.5846867873622903,0.5069002066314786,0.5253096795606137,0.5903255241490536,0.5291264734537435,0.5293191867498903,0.5706990139503014,0.5225956339732128,0.5620915032679739,0.5814588396518313,0.593514126955237,0.520561438069441,0.49602261169341455,0.5589296324590443,0.5451805616521953,0.5480766142415125,0.5350470541631425,0.59105167928225,0.4934693574399457,0.5937443122811901,0.5467329743156002,0.5617271393852445,0.5465830861963749,0.5596935743994568,0.5153153538965558,0.5521503591961714,0.5167178784407354,0.5650353843024314,0.593964858670741,0.4937849961992656,0.5217016584049763,0.5735897133925034,0.5720319475819834,0.5581656905186317,0.5633437898140317,0.5820583921287323,0.5143678468571674,0.52477971799621,0.5065465580171463,0.5316478057449974,0.5714912797233493,0.5618288491804332,0.5548644047835722,0.5745957473898651,0.5757630911212701,0.5313747952421228,0.5336231170305022,0.49974304893847094,0.5481570579932141,0.028854656867353588,1,0.031860432624816894,0.00679110591499231,0.010896406173706054,0.0029920008675163295,False,True,False,False,False,True,False,False,False,True,True,False,False,True,False,True,True,True,False,True,True,False,"{'subset__BASE_TYPE': False, 'subset__COM_CAT#1': True, 'subset__COM_CAT#17': False, 'subset__COM_CAT#19': False, 'subset__COM_CAT#20': False, 'subset__COM_CAT#21': True, 'subset__COM_CAT#22': False, 'subset__COM_CAT#25': False, 'subset__COM_CAT#27': False, 'subset__COM_CAT#28': True, 'subset__COM_CAT#29': True, 'subset__COM_CAT#30': False, 'subset__COM_CAT#31': False, 'subset__COM_CAT#32': True, 'subset__COM_CAT#33': False, 'subset__COM_CAT#7': True, 'subset__COST': True, 'subset__ITC': True, 'subset__RENT_CHANNEL': False, 'subset__REVENUE': True, 'subset__ROAM': True, 'subset__VAS': False}"
4,0.5650942195059842,0.5662344892562337,0.5795424129845936,0.5153367664850165,0.5299401518152522,0.5658157202274849,0.5298009699902573,0.514672976242733,0.5731079301521365,0.521407235313641,0.556340718105424,0.5971756795820262,0.5743498602828603,0.5180561652195326,0.4950911640953717,0.5602665308547661,0.5149085147158015,0.5534404676509319,0.5298652077556396,0.598610323008897,0.49714582802818097,0.6042525400683061,0.5459674742781282,0.5589006777084248,0.5497253835529908,0.5742509124862066,0.5197691722963931,0.5467062085800243,0.5199832981810006,0.5475305932357633,0.5821768101179865,0.4987313041337002,0.5221673822039977,0.5611061743198826,0.5622196289198419,0.5515979118920296,0.5447790756185562,0.5781291821461838,0.5090521717717846,0.5132383328158624,0.5143557422969188,0.5221138507328459,0.5797672451634316,0.5687290558119118,0.5463421945761914,0.5951638231049994,0.564061111527467,0.5521985375202081,0.5310429001209811,0.5167607036176568,0.5467449455380005,0.028469318015408685,1,0.028500938415527345,0.008712275141739435,0.010958566665649414,0.00276994377068069,False,True,False,False,False,False,True,False,True,False,False,False,True,True,True,False,True,True,False,False,True,True,"{'subset__BASE_TYPE': False, 'subset__COM_CAT#1': True, 'subset__COM_CAT#17': False, 'subset__COM_CAT#19': False, 'subset__COM_CAT#20': False, 'subset__COM_CAT#21': False, 'subset__COM_CAT#22': True, 'subset__COM_CAT#25': False, 'subset__COM_CAT#27': True, 'subset__COM_CAT#28': False, 'subset__COM_CAT#29': False, 'subset__COM_CAT#30': False, 'subset__COM_CAT#31': True, 'subset__COM_CAT#32': True, 'subset__COM_CAT#33': True, 'subset__COM_CAT#7': False, 'subset__COST': True, 'subset__ITC': True, 'subset__RENT_CHANNEL': False, 'subset__REVENUE': False, 'subset__ROAM': True, 'subset__VAS': True}"
5,0.526621254562431,0.5460852435146623,0.5460852435146623,0.5050801366123143,0.5671873494427374,0.5350670571258807,0.5263000117769236,0.5499502157318287,0.5404002012783315,0.516792822500348,0.5816038536626772,0.5465349078723382,0.5694249649368864,0.5073712835776153,0.49343168848966307,0.5321492233256939,0.5606779225506675,0.5206149695405929,0.5089986403006327,0.5410961104033062,0.542897462015109,0.5332269841439783,0.5344260890977806,0.5308823057075254,0.5472843484684646,0.5418576521517698,0.5104975214928856,0.5599177756603106,0.4778968555613845,0.5645214821793733,0.596182412358883,0.4851771356380416,0.5609241673179661,0.5253578578846504,0.5462565442223484,0.5441070367540956,0.5728616853848377,0.5379056347226535,0.5031315910623856,0.5252722075308073,0.47797300738477205,0.5234521375116431,0.5347579842189223,0.5579799364046123,0.5089558151237112,0.5345577624989389,0.549843152789525,0.4983244649529458,0.5189126687579628,0.5095874864833035,0.5335317277621502,0.02562179306483312,1,0.027900214195251464,0.006565918805931095,0.01032890796661377,0.0025152483000342577,False,False,True,True,False,True,True,False,False,False,False,False,True,True,False,True,False,False,False,True,True,False,"{'subset__BASE_TYPE': False, 'subset__COM_CAT#1': False, 'subset__COM_CAT#17': True, 'subset__COM_CAT#19': True, 'subset__COM_CAT#20': False, 'subset__COM_CAT#21': True, 'subset__COM_CAT#22': True, 'subset__COM_CAT#25': False, 'subset__COM_CAT#27': False, 'subset__COM_CAT#28': False, 'subset__COM_CAT#29': False, 'subset__COM_CAT#30': False, 'subset__COM_CAT#31': True, 'subset__COM_CAT#32': True, 'subset__COM_CAT#33': False, 'subset__COM_CAT#7': True, 'subset__COST': False, 'subset__ITC': False, 'subset__RENT_CHANNEL': False, 'subset__REVENUE': True, 'subset__ROAM': True, 'subset__VAS': False}"
6,0.545550038197097,0.5544361530143571,0.5073177521064633,0.5278791901759043,0.5777276961125445,0.5182603344368051,0.5576855133132768,0.5462458379281179,0.5678511396850208,0.5258235816836718,0.587821492233257,0.5543612089547446,0.5620804470948471,0.5428787083926641,0.48138710748048785,0.5511310584839997,0.5191642666723767,0.5410532852263846,0.5315353896555784,0.5584081881738274,0.5197563874034462,0.560517328137212,0.5379538130466901,0.547466355470381,0.5675299508581095,0.5146475256769374,0.5923632003254714,0.5639594017322784,0.5197798785906235,0.5171461302099505,0.5667759528053646,0.525288266972153,0.571309272721433,0.513195507638941,0.5532477543547852,0.5529082845259315,0.5370973095082598,0.536760061240003,0.4996252797019368,0.5461173623973534,0.5258520074696545,0.4950055137415286,0.5599980728670386,0.5804524479941757,0.5102459235784718,0.5573327815974876,0.5593556952132159,0.49963063284905196,0.5514705095125424,0.5547466355470381,0.5419236584019888,0.024853563118696503,1,0.020149283409118653,0.003994433197596824,0.00934046745300293,0.002390305021801593,False,False,True,False,False,False,False,True,False,False,False,False,False,True,True,False,True,True,False,False,False,True,"{'subset__BASE_TYPE': False, 'subset__COM_CAT#1': False, 'subset__COM_CAT#17': True, 'subset__COM_CAT#19': False, 'subset__COM_CAT#20': False, 'subset__COM_CAT#21': False, 'subset__COM_CAT#22': False, 'subset__COM_CAT#25': True, 'subset__COM_CAT#27': False, 'subset__COM_CAT#28': False, 'subset__COM_CAT#29': False, 'subset__COM_CAT#30': False, 'subset__COM_CAT#31': False, 'subset__COM_CAT#32': True, 'subset__COM_CAT#33': True, 'subset__COM_CAT#7': False, 'subset__COST': True, 'subset__ITC': True, 'subset__RENT_CHANNEL': False, 'subset__REVENUE': False, 'subset__ROAM': False, 'subset__VAS': True}"
7,0.5459532297767592,0.5380555228418787,0.5222690919991864,0.5394687536802887,0.5787126751817393,0.5120798319327731,0.5599391882487714,0.5452447994175775,0.5679849683629005,0.5313105574767406,0.605413377472201,0.5406303866042845,0.5646071325332163,0.5377557466034282,0.47945462137190453,0.5630039894745777,0.5213644101367194,0.5349614038092995,0.520475787715598,0.5717375244906481,0.5348972922502334,0.5582636532017172,0.5144267314754345,0.5528569746153764,0.5774707450510155,0.5256822425940073,0.5800991402845733,0.5453786280954573,0.5074676402256887,0.529538665781613,0.5668555300908241,0.5045769407834866,0.5709666713060608,0.5351915891352526,0.5534565270922776,0.5656088192852899,0.5658811815466314,0.5440885196406968,0.49849576566063186,0.5492382471655086,0.527098718275189,0.49558900677708423,0.5621553911544598,0.597646756528163,0.5202081303598386,0.5680969357439944,0.5424558097705641,0.5038970910998576,0.5537402438893826,0.5352237080179437,0.5433433769252026,0.026360042804023043,1,0.023636441230773925,0.004421630924956749,0.010876240730285645,0.002805354284482603,False,False,True,False,True,True,False,True,True,False,True,False,False,True,True,False,False,True,True,False,False,True,"{'subset__BASE_TYPE': False, 'subset__COM_CAT#1': False, 'subset__COM_CAT#17': True, 'subset__COM_CAT#19': False, 'subset__COM_CAT#20': True, 'subset__COM_CAT#21': True, 'subset__COM_CAT#22': False, 'subset__COM_CAT#25': True, 'subset__COM_CAT#27': True, 'subset__COM_CAT#28': False, 'subset__COM_CAT#29': True, 'subset__COM_CAT#30': False, 'subset__COM_CAT#31': False, 'subset__COM_CAT#32': True, 'subset__COM_CAT#33': True, 'subset__COM_CAT#7': False, 'subset__COST': False, 'subset__ITC': True, 'subset__RENT_CHANNEL': True, 'subset__REVENUE': False, 'subset__ROAM': False, 'subset__VAS': True}"
8,0.5329449961802902,0.5482693275376594,0.5435050266051412,0.4983351712471762,0.550014453497211,0.5415499533146592,0.5355395436977399,0.5416635439975162,0.5406357397513998,0.514073423765832,0.5874289109583227,0.5323383617228569,0.5788465038596191,0.5197477597079323,0.48823913578792977,0.5250615397674221,0.5594038735372525,0.5103797522563516,0.5266104943096047,0.5588364399430426,0.543343094813683,0.5288909349806751,0.542766292303245,0.5404751453379442,0.5398541802725823,0.5456667515491045,0.49956639508366973,0.562219628919842,0.49338886331274157,0.5604637966660599,0.6147928868517105,0.4989133111356166,0.5410639915206149,0.5095767801890732,0.545367921801227,0.5486058059587471,0.5663415521985375,0.5340513687997174,0.5088594584756378,0.5156258364292368,0.4780685001273236,0.5153367664850166,0.5355930751688918,0.5352932989304412,0.5065790178045673,0.5445951107715814,0.5478517820626747,0.48675096088990716,0.5155187734869331,0.5105938781409591,0.532995043239107,0.026314857333146497,1,0.03393568992614746,0.007798777100379689,0.011383280754089356,0.0018752507926714454,False,False,False,True,True,True,True,True,False,True,False,True,True,True,True,True,False,False,True,False,True,True,"{'subset__BASE_TYPE': False, 'subset__COM_CAT#1': False, 'subset__COM_CAT#17': False, 'subset__COM_CAT#19': True, 'subset__COM_CAT#20': True, 'subset__COM_CAT#21': True, 'subset__COM_CAT#22': True, 'subset__COM_CAT#25': True, 'subset__COM_CAT#27': False, 'subset__COM_CAT#28': True, 'subset__COM_CAT#29': False, 'subset__COM_CAT#30': True, 'subset__COM_CAT#31': True, 'subset__COM_CAT#32': True, 'subset__COM_CAT#33': True, 'subset__COM_CAT#7': True, 'subset__COST': False, 'subset__ITC': False, 'subset__RENT_CHANNEL': True, 'subset__REVENUE': False, 'subset__ROAM': True, 'subset__VAS': True}"
9,0.5606485018249724,0.5106902347890324,0.5814588396518313,0.5197263471194715,0.5401111313341114,0.5271836007130124,0.584424483153646,0.5224671584424483,0.5567380062738885,0.526000235538473,0.6012010864952042,0.5388584949091572,0.5656563493677933,0.5345652709227755,0.4992237936682976,0.5607864357864358,0.5191375009368008,0.5344582079804718,0.5214072353136409,0.5837928117940537,0.5422077922077921,0.5613631253814118,0.5045234093123347,0.5418241384109719,0.581876385126816,0.5386745607333842,0.5563954048585164,0.5529265655278739,0.5063327730372686,0.5298545014614091,0.5628978864272982,0.5128100810466474,0.5666734473196792,0.4947485626799995,0.576523238011627,0.5881185807656396,0.5431624251897691,0.5507424815048767,0.5145445007119686,0.529083648276822,0.5001061030472795,0.5343297324497072,0.5484406282453456,0.5686005802811472,0.5335802918535807,0.5852431881843647,0.537980578782266,0.5151012280119482,0.5385480123764761,0.5295761378114193,0.5427131463518604,0.02618744959170162,1,0.026311936378479003,0.009498888013395943,0.01167142391204834,0.005285786678253892,True,False,False,True,False,True,True,True,False,False,False,True,True,False,True,False,True,False,True,True,True,True,"{'subset__BASE_TYPE': True, 'subset__COM_CAT#1': False, 'subset__COM_CAT#17': False, 'subset__COM_CAT#19': True, 'subset__COM_CAT#20': False, 'subset__COM_CAT#21': True, 'subset__COM_CAT#22': True, 'subset__COM_CAT#25': True, 'subset__COM_CAT#27': False, 'subset__COM_CAT#28': False, 'subset__COM_CAT#29': False, 'subset__COM_CAT#30': True, 'subset__COM_CAT#31': True, 'subset__COM_CAT#32': False, 'subset__COM_CAT#33': True, 'subset__COM_CAT#7': False, 'subset__COST': True, 'subset__ITC': False, 'subset__RENT_CHANNEL': True, 'subset__REVENUE': True, 'subset__ROAM': True, 'subset__VAS': True}"
10,0.5705691367456074,0.5718231748444911,0.5929788122437181,0.5128957314004904,0.5320707043670974,0.5925006366182838,0.5396935858591265,0.5367600612400031,0.5712129160733594,0.5303255784075458,0.5716726084373143,0.5908054345149514,0.6072395961585816,0.5266104943096046,0.4987634230163913,0.5636618283677107,0.5469096281704015,0.5618020834448572,0.5345224457458541,0.5938674346648395,0.5005411255411256,0.6061582604413134,0.5509673136837147,0.5634829716390265,0.5495647891395351,0.5617201426024955,0.5185058295772085,0.5646071325332163,0.5138057664100725,0.5743605665770907,0.6032594856124267,0.4987098915452394,0.5239446270462405,0.5719837692579467,0.5845529586844105,0.5650729988965283,0.5738573707482629,0.5902380009207414,0.5271351027268931,0.5277132426153336,0.5007215007215007,0.531835165894029,0.5752277764097513,0.5775510422577433,0.5549500551374154,0.5798743739920211,0.5681830348061626,0.5465777330492596,0.5394259285033671,0.511386143914007,0.5540552604066591,0.029979909150869233,1,0.03955406188964844,0.009490727540211462,0.011799721717834473,0.002272468080220835,False,True,True,False,True,False,True,True,True,True,False,True,True,True,True,True,False,True,False,False,True,False,"{'subset__BASE_TYPE': False, 'subset__COM_CAT#1': True, 'subset__COM_CAT#17': True, 'subset__COM_CAT#19': False, 'subset__COM_CAT#20': True, 'subset__COM_CAT#21': False, 'subset__COM_CAT#22': True, 'subset__COM_CAT#25': True, 'subset__COM_CAT#27': True, 'subset__COM_CAT#28': True, 'subset__COM_CAT#29': False, 'subset__COM_CAT#30': True, 'subset__COM_CAT#31': True, 'subset__COM_CAT#32': True, 'subset__COM_CAT#33': True, 'subset__COM_CAT#7': True, 'subset__COST': False, 'subset__ITC': True, 'subset__RENT_CHANNEL': False, 'subset__REVENUE': False, 'subset__ROAM': True, 'subset__VAS': False}"
11,0.5707176810117986,0.5710523216599038,0.5972613299358693,0.5083348500583493,0.5362675717054056,0.5895297512944572,0.5366101731207777,0.532595312784386,0.5735468882155819,0.5318458721882594,0.5715877259994907,0.5957303298609252,0.6003019174972967,0.5236341445135595,0.5008618566855454,0.5633435192258721,0.5471130477607785,0.5625408177467532,0.5308930120017559,0.594820294851343,0.5000106103047279,0.6052375191375009,0.5487189918953352,0.5625194051582925,0.5489331177799428,0.5628978864272982,0.5176065008618567,0.5669839298523601,0.5124567733370449,0.5779792940269585,0.6022621169679994,0.4943524297934756,0.5245977109942935,0.5727439161483036,0.5824545250152564,0.5671420083184788,0.5764054687750928,0.5907947282207209,0.5261287110692376,0.5230667109193495,0.502217553688142,0.5406785649283213,0.573835958159802,0.5790820423326875,0.5590291532391893,0.5745586113233172,0.5699281607657142,0.5491900688414719,0.537295375951522,0.5102833956082782,0.5539626567088448,0.03036421987614262,1,0.0335670804977417,0.011127138831884922,0.010307755470275879,0.0020245852602543716,False,True,True,False,True,False,False,False,True,False,False,True,True,False,False,True,True,False,True,True,False,False,"{'subset__BASE_TYPE': False, 'subset__COM_CAT#1': True, 'subset__COM_CAT#17': True, 'subset__COM_CAT#19': False, 'subset__COM_CAT#20': True, 'subset__COM_CAT#21': False, 'subset__COM_CAT#22': False, 'subset__COM_CAT#25': False, 'subset__COM_CAT#27': True, 'subset__COM_CAT#28': False, 'subset__COM_CAT#29': False, 'subset__COM_CAT#30': True, 'subset__COM_CAT#31': True, 'subset__COM_CAT#32': False, 'subset__COM_CAT#33': False, 'subset__COM_CAT#7': True, 'subset__COST': True, 'subset__ITC': False, 'subset__RENT_CHANNEL': True, 'subset__REVENUE': True, 'subset__ROAM': False, 'subset__VAS': False}"
12,0.5790467702232408,0.5541684956585977,0.5820476858345021,0.5119000460370652,0.5319422288363329,0.5694762753586282,0.5346402149823881,0.5170283609734163,0.5807308116441656,0.5185165358714388,0.5616458704693998,0.6061689667355439,0.5730222797982933,0.528773165744141,0.4885496183206107,0.5698476360241066,0.520700619894436,0.5606565099622067,0.5342762009785553,0.5858270076978256,0.5053051523639759,0.6163827714313244,0.5404430264552531,0.5479160198280569,0.5652923353639605,0.5646273660979544,0.5231309486847318,0.5529800969990256,0.5191267946425704,0.5429697118936222,0.5888613020965963,0.5066218429814888,0.5309037182959863,0.552509020052889,0.5722942517906278,0.5496774467362703,0.5585794888815134,0.5877755532477543,0.5152832350138646,0.5218140744943953,0.5165945165945166,0.5182595848099097,0.5860518398766634,0.5596608245987816,0.5498966842606768,0.6091163738222563,0.5618342023275483,0.5522199501086689,0.5372525507746004,0.5186557176964337,0.5496256237559632,0.02932132885433521,1,0.03178959846496582,0.008858407201141708,0.011246109008789062,0.0024894187470772193,True,True,False,True,False,True,True,True,False,True,True,False,True,True,False,False,False,True,True,True,False,True,"{'subset__BASE_TYPE': True, 'subset__COM_CAT#1': True, 'subset__COM_CAT#17': False, 'subset__COM_CAT#19': True, 'subset__COM_CAT#20': False, 'subset__COM_CAT#21': True, 'subset__COM_CAT#22': True, 'subset__COM_CAT#25': True, 'subset__COM_CAT#27': False, 'subset__COM_CAT#28': True, 'subset__COM_CAT#29': True, 'subset__COM_CAT#30': False, 'subset__COM_CAT#31': True, 'subset__COM_CAT#32': True, 'subset__COM_CAT#33': False, 'subset__COM_CAT#7': False, 'subset__COST': False, 'subset__ITC': True, 'subset__RENT_CHANNEL': True, 'subset__REVENUE': True, 'subset__ROAM': False, 'subset__VAS': True}"
13,0.5749671080553435,0.5596661777458969,0.5822082802479578,0.5255077460038757,0.5315246833613482,0.5790892114421526,0.5279701936768626,0.5297474385191054,0.5699121013243685,0.52237615494149,0.5479373567608862,0.6008693510915066,0.5826579446056336,0.5222102073809193,0.5034420735950665,0.5632055852644087,0.5139342419408369,0.5712610943973963,0.522713403209747,0.6010299455049624,0.5045093795093796,0.6142629251737097,0.5610579959958459,0.5532798732374763,0.5541792019528281,0.5719113402936933,0.5234521375116431,0.543189190925345,0.5215142982559446,0.5521878312259778,0.5779486036838979,0.5115681509159236,0.5331788058199416,0.5673693564446538,0.5707418391272229,0.5536457007045242,0.546700855432909,0.5845154866546042,0.5227562283866685,0.5150744622763723,0.5262923351158646,0.5123978887187779,0.5866085671766431,0.5840229971200069,0.5514383906298512,0.5909886681945505,0.5583707161440211,0.5581887091421046,0.5339443058574136,0.5205400254809802,0.5507652575185394,0.028180173608701096,1,0.03152469635009766,0.007492562510071538,0.011214079856872559,0.00235794191759213,False,True,True,True,True,True,False,True,False,True,True,True,False,False,True,False,False,False,False,True,True,False,"{'subset__BASE_TYPE': False, 'subset__COM_CAT#1': True, 'subset__COM_CAT#17': True, 'subset__COM_CAT#19': True, 'subset__COM_CAT#20': True, 'subset__COM_CAT#21': True, 'subset__COM_CAT#22': False, 'subset__COM_CAT#25': True, 'subset__COM_CAT#27': False, 'subset__COM_CAT#28': True, 'subset__COM_CAT#29': True, 'subset__COM_CAT#30': True, 'subset__COM_CAT#31': False, 'subset__COM_CAT#32': False, 'subset__COM_CAT#33': True, 'subset__COM_CAT#7': False, 'subset__COST': False, 'subset__ITC': False, 'subset__RENT_CHANNEL': False, 'subset__REVENUE': True, 'subset__ROAM': True, 'subset__VAS': False}"
14,0.5821715049656226,0.5499127437020224,0.5970793229339528,0.509485776688115,0.5225421025020609,0.5773915626856803,0.5369367150948042,0.5135969936725802,0.5699174544714838,0.521637420639594,0.5432847381376793,0.6043810155990708,0.5653512199822275,0.5304915259681167,0.5019110735201224,0.5624416433239963,0.5165251651445886,0.5657205871331756,0.5301703371412054,0.5915227562283867,0.5132469654528479,0.6064419772384184,0.5554425446720127,0.5465670267550293,0.5583600098497907,0.5677308802308803,0.5211288716636511,0.5523966039634701,0.5162628609359443,0.5463207819877306,0.580558738646974,0.5160915602282582,0.5293459524854662,0.5482746806847746,0.5602603770756828,0.5532902554961379,0.5476590687665278,0.5897133925034528,0.5312034945344367,0.5143196685331306,0.5286372124607419,0.5238803892808583,0.5840925880325043,0.5562562230335214,0.5592004539468753,0.5996466768525592,0.5571769643373338,0.5413958866417568,0.5268835048124793,0.5144534972110104,0.5487799310379168,0.02763866891278831,1,0.02491701602935791,0.0071586056760612705,0.010214471817016601,0.004995848266593267,True,True,False,False,False,True,False,False,False,False,False,True,False,False,True,False,True,False,True,True,False,False,"{'subset__BASE_TYPE': True, 'subset__COM_CAT#1': True, 'subset__COM_CAT#17': False, 'subset__COM_CAT#19': False, 'subset__COM_CAT#20': False, 'subset__COM_CAT#21': True, 'subset__COM_CAT#22': False, 'subset__COM_CAT#25': False, 'subset__COM_CAT#27': False, 'subset__COM_CAT#28': False, 'subset__COM_CAT#29': False, 'subset__COM_CAT#30': True, 'subset__COM_CAT#31': False, 'subset__COM_CAT#32': False, 'subset__COM_CAT#33': True, 'subset__COM_CAT#7': False, 'subset__COST': True, 'subset__ITC': False, 'subset__RENT_CHANNEL': True, 'subset__REVENUE': True, 'subset__ROAM': False, 'subset__VAS': False}"
15,0.5859328579916815,0.560238964487222,0.5868762245324025,0.5157436056657709,0.531353382653662,0.5763093116034292,0.5386764879072408,0.5169212980311124,0.580345385051872,0.5218247807886256,0.5592903828197946,0.6102266522488571,0.5801633780499555,0.5362033339400234,0.4915580869993469,0.568447075800017,0.5222209136751497,0.5608171043756625,0.5384730683168635,0.5930430500091004,0.5055704099821747,0.6203762191792555,0.5434514951339893,0.5537081250066914,0.5603781463122168,0.5673011628893982,0.5229489416828154,0.5575945098123187,0.5213001723713371,0.545143089622389,0.5905058993294288,0.5089665214179415,0.5295333126344978,0.548965236662634,0.5800456088134214,0.554356591121297,0.5569628384527263,0.5916726443476119,0.5239660396347012,0.5215678297270965,0.5169658772599949,0.5235270815712557,0.5869511685920152,0.567433594210036,0.5522627752855904,0.6101031321619557,0.5614380694410244,0.5587829084718906,0.5372846696572917,0.5259145851846301,0.5523981312689773,0.029685325170230332,1,0.03434889793395996,0.009699960972761058,0.011275215148925781,0.002849076502953066,True,True,False,True,True,False,False,True,True,True,True,True,True,False,False,False,True,True,True,False,False,True,"{'subset__BASE_TYPE': True, 'subset__COM_CAT#1': True, 'subset__COM_CAT#17': False, 'subset__COM_CAT#19': True, 'subset__COM_CAT#20': True, 'subset__COM_CAT#21': False, 'subset__COM_CAT#22': False, 'subset__COM_CAT#25': True, 'subset__COM_CAT#27': True, 'subset__COM_CAT#28': True, 'subset__COM_CAT#29': True, 'subset__COM_CAT#30': True, 'subset__COM_CAT#31': True, 'subset__COM_CAT#32': False, 'subset__COM_CAT#33': False, 'subset__COM_CAT#7': False, 'subset__COST': True, 'subset__ITC': True, 'subset__RENT_CHANNEL': True, 'subset__REVENUE': False, 'subset__ROAM': False, 'subset__VAS': True}"
16,0.5790786011374247,0.5665021466119932,0.5986531481858184,0.49914884960868494,0.5419740265301971,0.5933812919107037,0.550410586383735,0.535004228986221,0.5818870914210464,0.5220174940847725,0.5773915626856804,0.5998415468453904,0.5921972527649005,0.532766613492072,0.4983351712471762,0.5667069858246329,0.5529265655278739,0.560549447019903,0.5455499288031433,0.5862552594670406,0.5094962227315168,0.6108154984315278,0.5518345235163753,0.547776838003062,0.5597678875410854,0.5562452253628725,0.5218461933770864,0.57349335674443,0.5137950601158421,0.5599177756603106,0.6086707410236822,0.5042664582508056,0.5309893686498292,0.5571555517488731,0.5905913086303438,0.5670677361853833,0.5672729997965804,0.6038671134760125,0.5311178441805938,0.5294048371037332,0.5050292844410491,0.5368778304765371,0.5806130424076315,0.5592646917122577,0.5628727128678951,0.5908242084712674,0.5649497339485884,0.5474984743530722,0.5445328308512575,0.5147907454792673,0.5556690845646776,0.029936266500681943,1,0.040184431076049805,0.008699061033584555,0.01282701015472412,0.002880819862141506,True,True,True,True,False,True,False,True,True,False,False,True,True,True,True,True,False,True,True,True,True,True,"{'subset__BASE_TYPE': True, 'subset__COM_CAT#1': True, 'subset__COM_CAT#17': True, 'subset__COM_CAT#19': True, 'subset__COM_CAT#20': False, 'subset__COM_CAT#21': True, 'subset__COM_CAT#22': False, 'subset__COM_CAT#25': True, 'subset__COM_CAT#27': True, 'subset__COM_CAT#28': False, 'subset__COM_CAT#29': False, 'subset__COM_CAT#30': True, 'subset__COM_CAT#31': True, 'subset__COM_CAT#32': True, 'subset__COM_CAT#33': True, 'subset__COM_CAT#7': True, 'subset__COST': False, 'subset__ITC': True, 'subset__RENT_CHANNEL': True, 'subset__REVENUE': True, 'subset__ROAM': True, 'subset__VAS': True}"
17,0.5727654698242932,0.559500230185326,0.5945098123186621,0.4927732513944948,0.5408070404590859,0.5872060945590358,0.5449610826204726,0.5345170925987387,0.5827917732835133,0.5142393713264028,0.5716036414565826,0.5978608824127705,0.5846064901555625,0.5311339036219392,0.4966756956414676,0.5648820134114252,0.5531674571480574,0.5590398595334196,0.5375416207188206,0.5780435317923407,0.5108225108225108,0.6022022847231888,0.5445917154695246,0.5438262154320525,0.5589167371497703,0.5483087174263644,0.5225581619434065,0.5717964091089152,0.5091806473025492,0.5529158592336434,0.6017369068839657,0.5000910035009583,0.5215892423155574,0.5616200764429409,0.5794621157778658,0.5598208980561922,0.5640075800563151,0.601757973512628,0.5299026797854458,0.5309037182959861,0.515400857312622,0.5338800680920313,0.5793175808057558,0.5575142126055909,0.5557744397931544,0.5848081656905187,0.5634722653447962,0.5432855475734184,0.542562872712868,0.5110863676755565,0.5520393982281209,0.028844655128327446,1,0.03731306552886963,0.007129494643232212,0.012801337242126464,0.0024615968107426158,True,True,True,True,False,True,False,True,True,False,True,False,False,False,True,True,False,False,False,False,False,True,"{'subset__BASE_TYPE': True, 'subset__COM_CAT#1': True, 'subset__COM_CAT#17': True, 'subset__COM_CAT#19': True, 'subset__COM_CAT#20': False, 'subset__COM_CAT#21': True, 'subset__COM_CAT#22': False, 'subset__COM_CAT#25': True, 'subset__COM_CAT#27': True, 'subset__COM_CAT#28': False, 'subset__COM_CAT#29': True, 'subset__COM_CAT#30': False, 'subset__COM_CAT#31': False, 'subset__COM_CAT#32': False, 'subset__COM_CAT#33': True, 'subset__COM_CAT#7': True, 'subset__COST': False, 'subset__ITC': False, 'subset__RENT_CHANNEL': False, 'subset__REVENUE': False, 'subset__ROAM': False, 'subset__VAS': True}"
18,0.5714710126474832,0.5564168174469771,0.5876791965996809,0.5112897872659337,0.5393723970322152,0.570409982174688,0.5364281661188613,0.5208612143078916,0.5835037418498336,0.52166418637517,0.5593858755623462,0.6077427919874094,0.5740179651617185,0.5325310750190037,0.49521963962613624,0.5709511077158136,0.5227883472693596,0.5640718178216974,0.5323062428401657,0.5831932593171525,0.5076394194041253,0.6177960022697344,0.5488367611318695,0.5446827189704827,0.5612774750275688,0.5639376962906375,0.5248546620558227,0.5603460274295258,0.5136987034677687,0.5445649497339486,0.5869620575502928,0.5090735843602454,0.5322955365459354,0.5547787544297293,0.5707739580099142,0.5557147101264748,0.5571876706315643,0.5882787490765821,0.5166643469695834,0.5225528087962913,0.5143345216874629,0.522970354271276,0.582893483078702,0.5693607271715041,0.5517381668683019,0.6010207113148289,0.5601319015449182,0.55395436977399,0.5359035577015727,0.5253685641788807,0.5508223876516486,0.028289500216302894,1,0.03246371746063233,0.008542879987317821,0.011937804222106933,0.0021291478260314794,True,True,True,False,True,False,False,True,False,False,False,False,True,False,True,False,False,True,True,False,False,False,"{'subset__BASE_TYPE': True, 'subset__COM_CAT#1': True, 'subset__COM_CAT#17': True, 'subset__COM_CAT#19': False, 'subset__COM_CAT#20': True, 'subset__COM_CAT#21': False, 'subset__COM_CAT#22': False, 'subset__COM_CAT#25': True, 'subset__COM_CAT#27': False, 'subset__COM_CAT#28': False, 'subset__COM_CAT#29': False, 'subset__COM_CAT#30': False, 'subset__COM_CAT#31': True, 'subset__COM_CAT#32': False, 'subset__COM_CAT#33': True, 'subset__COM_CAT#7': False, 'subset__COST': False, 'subset__ITC': True, 'subset__RENT_CHANNEL': True, 'subset__REVENUE': False, 'subset__ROAM': False, 'subset__VAS': False}"
19,0.5230402767167472,0.5359142639958031,0.5340085436227958,0.4977891502414269,0.5639915206149695,0.5357567269331975,0.5260216481269337,0.5396293480937443,0.5474984743530722,0.4982655803346787,0.5778371954842544,0.5282592636210828,0.5668661606158261,0.5060651156815092,0.4788978940719249,0.516499023851965,0.5491793625472415,0.5085382696487265,0.5181418155733757,0.545003907797394,0.5370087428910958,0.5217658961703585,0.5127940216053017,0.5378253375159256,0.5424665160647945,0.5371095407860114,0.5101923921073199,0.5396721732706657,0.49161161847049883,0.5536760061240004,0.5757257448433919,0.48904746100232327,0.5350791730458336,0.5224457458539876,0.5350952324871792,0.5381970970206265,0.5352879457833261,0.5341370191535604,0.4927357793646885,0.5244852949048746,0.4908751379339615,0.5216588332280548,0.5278149524105221,0.5232594242154963,0.5109793047332526,0.5420804685510568,0.5581940622892199,0.4656809738445232,0.5146783293898483,0.5054923289401839,0.5264906983627126,0.023612993117756026,1,0.03464302062988281,0.008098382018196975,0.011885857582092286,0.0017979319762499114,False,False,False,False,False,False,False,False,True,True,False,False,False,True,False,True,True,True,False,True,True,False,"{'subset__BASE_TYPE': False, 'subset__COM_CAT#1': False, 'subset__COM_CAT#17': False, 'subset__COM_CAT#19': False, 'subset__COM_CAT#20': False, 'subset__COM_CAT#21': False, 'subset__COM_CAT#22': False, 'subset__COM_CAT#25': False, 'subset__COM_CAT#27': True, 'subset__COM_CAT#28': True, 'subset__COM_CAT#29': False, 'subset__COM_CAT#30': False, 'subset__COM_CAT#31': False, 'subset__COM_CAT#32': True, 'subset__COM_CAT#33': False, 'subset__COM_CAT#7': True, 'subset__COST': True, 'subset__ITC': True, 'subset__RENT_CHANNEL': False, 'subset__REVENUE': True, 'subset__ROAM': True, 'subset__VAS': False}"
